height,width
400,335
84,221
272,309
871,445
337,315
337,315
337,315
364,459
365,492
390,492
416,492
328,492
328,492
879,298
548,346
388,334
388,334
388,334
511,888
334,894
279,487
379,480
314,476
313,476
760,1008
371,475
371,475
286,492
544,412
252,492
294,492
328,480
329,480
380,480
380,480
295,480
295,480
322,480
332,480
219,215
219,258
219,195
331,492
338,492
338,494
338,494
365,242
365,243
365,243
365,243
324,492
324,492
336,492
365,242
365,242
581,458
654,492
477,993
424,682
624,492
325,492
321,480
695,480
361,396
360,240
312,494
325,220
304,217
338,425
298,298
294,448
267,391
267,210
373,470
320,492
382,492
382,492
388,492
388,492
324,492
324,492
324,492
324,492
384,492
320,492
284,492
490,324
331,499
331,323
458,710
272,480
384,492
384,492
384,492
384,492
224,340
370,492
268,492
371,492
371,492
239,334
239,334
239,338
360,492
360,492
260,279
260,278
320,495
320,494
576,403
369,492
319,492
305,492
327,492
326,494
326,494
308,492
332,492
351,492
360,360
324,492
504,765
1051,300
657,492
151,233
151,233
151,232
151,233
150,233
144,144
324,492
480,432
322,488
322,416
324,492
325,492
325,432
576,1008
313,324
314,343
313,336
371,488
553,294
326,492
415,408
415,408
556,392
556,392
323,492
324,492
445,480
336,492
335,492
398,336
325,492
325,492
325,492
426,391
321,484
384,336
371,493
371,494
561,287
561,425
305,305
492,397
328,490
327,490
318,492
318,492
432,324
433,325
432,324
475,310
475,307
431,268
431,263
431,280
339,459
235,357
234,332
234,316
241,314
241,315
241,315
319,494
324,492
205,315
205,315
205,315
276,492
324,492
384,492
324,492
284,833
309,672
312,470
260,480
322,494
322,495
303,312
363,312
360,312
312,312
312,312
324,492
324,492
491,223
492,264
312,459
312,471
569,374
569,374
229,492
327,492
272,492
333,492
378,420
378,256
379,317
332,492
636,972
325,494
325,495
325,494
325,495
493,324
493,324
493,324
288,312
288,300
348,288
348,703
372,495
372,495
622,488
396,492
673,490
302,488
324,492
379,492
327,346
327,387
327,320
327,363
327,320
333,492
332,504
335,335
335,335
335,335
335,335
335,335
335,335
406,324
406,329
242,242
242,243
241,242
243,243
486,336
323,316
323,367
323,335
323,266
323,490
273,984
325,492
324,492
326,492
324,492
463,411
463,338
357,488
358,488
443,328
443,348
659,996
492,324
325,215
324,270
339,492
315,493
328,492
336,480
337,504
346,492
340,492
272,492
324,492
324,492
336,480
229,462
320,492
328,492
317,480
317,480
320,492
320,492
500,492
324,492
320,492
320,492
320,492
320,492
320,492
336,480
229,457
324,492
320,492
329,492
716,986
391,492
320,492
322,492
369,492
332,492
332,492
370,492
552,444
322,492
369,492
576,379
570,384
334,494
333,492
569,384
369,492
327,492
324,492
494,456
313,396
327,492
329,492
324,492
369,492
369,492
465,336
324,480
312,480
319,480
369,492
576,350
356,467
356,467
360,467
360,467
314,480
314,480
316,421
314,480
316,480
314,421
372,492
368,491
368,486
723,997
369,492
370,493
370,492
637,1008
371,492
371,492
322,492
314,273
314,475
487,492
445,673
345,493
363,408
363,486
325,432
326,492
357,431
446,492
417,562
415,426
324,492
369,491
431,396
331,492
371,492
403,480
323,492
322,492
320,480
451,328
451,337
421,313
471,312
324,492
314,480
321,480
311,480
370,492
391,492
329,492
397,492
435,492
310,492
229,242
230,242
480,348
480,372
480,300
480,420
491,364
490,365
490,364
490,364
444,336
444,336
444,336
480,306
480,321
481,321
503,238
503,247
501,230
501,254
331,242
323,242
323,242
331,242
358,300
358,299
358,299
365,257
258,492
365,227
357,492
364,242
364,242
295,240
295,243
322,244
322,241
408,493
384,276
384,208
214,235
218,235
215,235
662,238
312,247
312,246
312,246
309,241
303,241
621,240
391,280
391,301
391,231
390,183
359,492
386,492
335,242
335,243
336,493
376,303
376,303
375,303
282,241
282,240
284,241
284,240
301,492
300,492
360,241
360,240
360,246
302,309
302,307
302,307
293,241
293,244
274,493
380,355
492,423
492,442
298,492
369,492
369,492
370,493
370,493
389,983
441,1020
603,990
334,492
369,492
334,492
409,466
409,546
384,492
372,492
365,492
369,492
369,492
365,492
327,492
299,296
299,187
321,480
369,492
239,492
332,492
324,492
369,492
372,492
369,492
365,492
322,492
322,492
266,439
492,439
369,492
300,492
369,492
360,492
365,492
365,492
283,490
363,490
282,492
323,492
312,476
271,476
313,960
363,492
324,492
316,480
368,480
321,480
316,480
325,480
325,480
374,492
338,492
333,492
311,492
457,492
344,480
371,492
352,492
336,492
336,492
336,492
336,492
539,480
369,491
370,478
319,492
693,480
392,492
444,624
350,492
438,301
438,339
355,480
421,480
397,492
397,492
355,324
346,324
391,492
329,359
342,241
342,241
342,241
342,241
317,249
316,249
316,249
316,249
327,348
326,492
369,492
369,492
369,492
367,492
367,492
367,492
367,492
364,482
364,481
321,492
277,330
278,330
517,492
583,492
332,492
324,492
410,492
327,492
432,432
432,432
300,300
300,384
300,300
487,1017
324,324
324,324
324,324
324,324
324,324
324,324
324,324
324,324
324,324
336,492
456,492
336,492
360,492
336,492
336,492
336,492
336,492
312,492
420,492
336,492
324,492
324,492
324,492
324,492
329,492
336,492
372,492
336,492
300,492
371,492
371,492
336,492
379,492
336,492
336,492
456,492
324,492
456,492
468,492
372,492
432,492
336,492
336,492
396,312
396,492
545,432
396,492
324,492
324,492
312,492
480,408
396,492
368,492
368,492
369,492
325,492
493,325
258,480
360,492
390,492
265,480
369,492
351,353
407,312
316,480
576,382
432,288
323,490
369,492
370,341
492,182
369,492
307,404
307,382
325,492
1025,784
368,492
451,492
451,360
369,492
550,354
324,492
369,492
334,492
295,494
538,480
412,325
412,325
390,492
576,395
325,492
331,492
368,492
390,492
369,492
372,492
372,381
390,492
390,492
327,492
324,492
368,492
325,492
369,492
368,492
465,864
451,335
451,335
451,335
531,492
375,506
376,507
211,300
215,286
215,286
452,1020
452,1020
376,506
376,506
375,506
375,506
340,344
373,344
373,344
324,492
373,456
328,492
420,270
420,270
270,420
350,492
350,492
351,492
542,432
411,307
411,345
412,323
332,492
392,492
312,492
372,491
551,318
536,492
330,492
349,492
541,492
431,476
419,476
360,480
360,480
355,480
334,480
287,492
332,492
422,392
422,488
324,494
324,495
169,181
557,408
384,408
316,336
316,336
316,336
240,240
240,240
372,488
621,360
319,324
319,324
319,324
325,492
575,468
358,492
358,492
329,492
317,492
336,481
336,519
317,492
317,492
354,492
408,492
370,492
273,492
371,492
326,492
341,492
312,493
370,492
371,492
276,492
965,479
217,299
217,299
217,299
456,249
456,241
365,481
323,480
374,492
371,492
358,492
331,493
335,492
456,432
331,432
499,432
327,492
348,359
348,364
348,281
370,492
413,492
510,1020
316,480
316,492
353,1020
790,1020
890,996
650,467
374,519
883,1077
726,1047
1202,1050
280,1051
260,462
520,417
421,525
423,527
458,525
468,525
501,525
468,525
593,460
290,208
408,510
440,525
435,527
612,765
421,525
407,527
421,525
387,527
898,507
379,510
423,527
409,510
433,527
477,409
485,527
421,525
438,510
409,510
438,510
552,1039
221,253
450,485
405,414
298,188
455,596
425,449
439,510
421,525
467,525
448,510
630,678
460,510
458,512
510,514
374,1043
483,510
414,510
468,510
468,511
526,478
688,1050
537,433
441,499
1304,511
579,1095
1310,1059
536,428
501,990
907,1034
204,258
320,511
467,1051
605,1039
261,209
769,1076
462,1049
480,390
793,1055
862,1053
618,974
434,1052
418,527
421,526
695,763
677,994
407,527
420,525
404,527
417,520
508,848
279,204
421,526
422,527
675,920
698,510
423,1056
417,554
592,456
521,1544
718,1047
630,787
410,527
421,525
362,995
399,528
413,536
225,254
693,755
664,397
240,234
457,511
231,149
646,754
575,1494
444,953
908,518
500,1078
288,525
448,1412
470,1052
297,1052
393,514
599,952
273,509
533,475
192,510
369,1085
403,509
409,510
733,1055
224,1036
1016,425
692,745
440,511
747,505
568,637
423,525
383,1048
418,511
332,511
321,1002
421,526
449,526
199,249
627,1509
422,527
594,743
421,525
409,510
413,510
407,527
421,525
469,1020
626,740
420,350
419,511
422,527
470,390
422,526
425,527
759,1462
438,527
421,525
407,1008
397,1051
470,1052
463,511
613,1052
657,981
589,735
681,508
612,515
562,301
638,734
468,526
726,504
923,1499
585,731
453,525
460,525
452,525
457,525
585,732
478,514
504,520
435,1038
1191,1054
333,970
392,1023
456,510
478,513
313,514
408,510
434,510
434,510
208,262
418,525
376,1054
234,171
413,995
484,525
1020,510
425,484
315,1046
686,493
571,994
458,1050
682,1020
664,984
273,507
597,512
734,490
710,445
646,510
442,513
580,511
576,461
576,499
659,511
510,678
327,990
711,558
674,501
486,552
443,515
406,611
534,1058
409,1392
319,405
422,524
643,693
555,693
552,689
552,689
552,689
549,686
549,686
402,525
685,515
172,226
172,226
331,1272
422,494
452,485
440,472
438,453
467,485
422,485
841,519
453,525
1159,1349
262,1353
538,672
448,1042
512,1324
878,507
495,1050
1055,1345
672,1075
591,1370
494,529
492,526
357,668
536,669
536,329
465,1076
505,1076
480,1075
584,668
541,1368
423,525
422,526
467,652
452,894
471,643
529,1075
585,666
736,660
189,525
664,499
419,524
435,527
453,660
522,658
565,1278
194,297
415,625
473,597
718,1047
706,843
383,1332
742,1340
488,1297
549,628
552,632
876,1319
310,644
234,1318
326,1075
809,1001
514,641
467,527
467,527
689,643
550,1075
422,526
421,527
422,527
422,526
739,1054
890,1034
248,309
410,511
410,512
421,527
422,526
422,528
422,527
737,1270
186,232
425,527
446,527
446,527
503,1296
655,483
422,527
409,528
343,1075
185,275
479,511
426,527
425,1075
495,525
934,522
699,527
1281,543
661,892
437,484
438,546
485,525
479,493
387,1006
463,527
466,525
425,529
133,1024
423,528
551,505
302,511
626,1068
419,527
421,525
426,527
421,525
425,527
421,525
414,527
421,525
418,525
418,525
363,527
364,527
280,1076
495,502
501,502
623,1044
506,1011
202,261
317,1054
201,262
471,525
288,471
447,373
454,513
447,383
463,502
498,525
237,1036
207,488
513,1048
182,262
491,525
1207,527
287,1043
406,988
421,527
421,525
359,320
417,527
520,509
504,1065
462,1049
507,1066
481,1049
584,1052
268,941
240,974
351,1045
461,525
312,507
566,428
538,511
746,1050
421,525
422,527
447,1038
1203,1053
522,525
491,525
228,247
467,525
275,522
421,525
409,527
487,525
354,491
231,261
452,526
187,233
495,526
426,526
299,483
471,512
617,1059
431,527
421,525
369,513
530,451
349,1053
204,255
409,514
706,422
847,1053
350,514
464,525
409,506
421,525
431,527
338,465
232,419
329,1065
358,506
275,177
186,232
418,525
186,232
426,527
186,232
411,539
186,232
236,189
381,513
493,442
311,498
460,526
417,1050
346,506
489,526
460,525
381,509
373,509
421,1076
453,524
186,232
421,527
453,524
463,525
551,409
577,409
447,510
457,526
526,422
544,1049
363,525
171,1052
421,1081
624,497
302,483
525,970
354,510
424,527
420,525
496,450
435,1049
422,526
420,525
494,526
420,525
418,527
459,525
378,431
362,492
414,510
466,1057
510,1047
513,1052
378,474
439,1076
349,510
376,1063
174,262
376,512
266,526
477,409
473,512
392,421
313,1032
324,1048
1202,1052
587,1052
943,1076
197,254
370,528
404,423
239,511
239,152
470,502
277,255
360,516
186,233
563,918
414,527
492,525
503,407
402,1060
234,525
422,264
290,191
181,226
509,1037
177,226
267,155
173,232
330,490
411,527
186,232
416,524
337,443
406,525
408,527
421,525
411,527
414,516
582,1078
398,272
678,1059
414,510
947,1043
465,525
454,522
324,242
284,1046
474,496
408,500
820,446
318,1065
562,529
310,449
496,508
366,532
229,491
433,1027
367,528
418,1075
847,1077
425,1076
368,544
346,465
330,465
459,527
650,1043
418,1076
379,1048
630,529
421,1075
438,1076
430,1076
603,1075
597,1066
432,1076
407,527
674,510
526,1027
421,1075
284,226
271,1021
466,525
421,1075
340,1042
462,525
611,529
503,525
373,533
368,533
564,1009
525,988
266,196
574,528
173,255
488,525
477,506
385,513
389,518
837,512
636,1068
405,530
744,529
480,525
221,262
401,525
490,1046
255,189
420,1077
485,525
427,1076
447,525
432,935
421,1076
478,506
466,525
431,1076
482,1076
375,915
423,1076
469,1077
491,525
714,537
410,525
422,524
617,521
234,232
485,1027
477,1075
421,1076
779,505
440,1025
528,526
905,534
279,193
452,349
226,262
729,512
141,60
423,512
224,184
421,1076
533,383
403,431
399,866
421,1076
268,1085
256,262
422,1076
868,1064
490,526
217,262
732,1058
326,980
421,1076
496,526
510,954
421,1076
421,1076
332,1029
294,1011
218,236
424,1076
422,1077
460,512
412,526
477,525
718,466
817,1065
421,1075
399,463
420,1076
527,373
506,1077
495,525
525,420
487,525
1085,1079
369,507
421,1076
517,481
494,1076
434,1076
155,262
363,1039
380,1045
421,1076
296,391
366,527
397,486
420,1076
506,504
590,1022
493,528
361,434
467,525
421,1076
166,262
496,526
210,538
348,1044
421,1076
455,999
428,1076
629,1078
426,1076
390,1078
173,262
309,512
394,991
244,1050
421,1076
421,1076
300,254
465,525
465,525
525,420
347,523
343,525
450,520
449,501
525,421
530,999
422,527
421,526
526,421
526,421
526,421
578,1055
526,421
263,210
421,526
421,526
526,1002
263,210
526,1006
444,1076
526,421
421,526
526,421
526,421
421,526
326,493
517,343
421,1076
363,503
420,1076
466,525
210,262
188,262
421,1076
420,525
1007,1070
470,525
244,262
210,262
421,1076
377,1030
421,1076
410,527
683,508
207,262
344,326
421,1076
218,262
421,1076
293,459
461,525
421,1076
248,254
348,367
421,1076
421,1076
508,534
852,530
553,482
466,431
476,1039
616,1067
341,525
652,1047
694,1050
440,1058
364,1077
331,1074
421,1076
356,1074
485,525
486,1059
420,525
590,949
619,526
422,1077
580,905
433,1075
526,957
450,522
424,1079
392,525
359,435
421,1076
559,383
372,411
544,342
421,1076
421,526
421,526
331,491
874,456
470,984
421,1076
421,526
421,526
346,1074
434,1075
420,525
419,371
422,1076
212,262
423,1076
369,525
304,384
421,1076
422,1076
493,525
402,1076
437,1076
448,1052
479,512
475,510
420,525
479,525
216,262
327,549
488,525
438,510
309,488
310,473
320,512
433,1076
484,525
451,1095
479,1062
421,1076
339,522
458,1075
421,1076
235,262
421,1076
540,792
517,792
535,792
532,792
524,792
528,792
528,792
528,792
528,792
528,792
528,792
528,792
528,792
528,792
528,792
528,792
528,792
528,792
528,792
528,792
528,792
528,792
528,792
528,792
528,792
528,792
528,792
528,792
528,792
528,792
528,792
528,792
528,792
528,792
528,792
528,792
528,792
528,792
528,792
528,792
528,792
528,792
528,792
526,792
526,792
528,792
528,792
528,792
528,792
528,792
528,792
528,792
528,792
530,792
527,792
594,768
518,792
518,792
525,792
526,792
554,792
529,792
540,792
528,792
528,792
528,792
528,792
528,792
528,792
528,792
528,792
528,792
528,792
528,792
528,792
528,792
528,792
528,792
528,792
528,792
528,792
528,792
528,792
528,792
528,792
528,792
528,792
528,792
528,792
528,792
528,792
528,792
528,792
528,792
528,792
528,792
528,792
528,792
594,396
594,396
528,792
528,792
594,396
594,396
528,792
528,792
528,792
528,792
528,792
528,792
528,792
528,792
528,792
528,792
528,792
528,792
528,792
528,792
528,792
528,792
528,792
528,792
528,792
528,792
528,792
528,792
528,792
528,792
528,792
528,792
528,792
528,792
528,792
528,792
516,792
547,792
508,792
523,792
534,792
534,792
534,792
534,792
528,792
528,792
528,792
528,792
528,792
528,792
528,792
518,792
518,792
518,792
518,792
518,792
518,792
518,792
518,792
518,792
518,792
518,792
518,792
518,792
528,792
528,792
528,792
528,792
528,792
528,792
528,792
528,792
528,792
594,396
528,792
526,792
526,792
528,792
528,792
594,491
594,580
594,729
594,524
587,792
523,792
528,792
528,792
594,404
594,376
594,403
594,697
594,381
594,445
594,402
528,792
528,792
528,792
528,792
544,792
320,792
528,792
528,792
528,792
528,792
528,792
526,792
526,792
526,792
526,792
526,792
526,792
526,792
526,792
526,792
526,792
515,665
526,692
594,737
594,743
594,735
594,707
534,792
533,792
532,792
534,792
532,792
537,792
534,792
529,792
530,792
532,792
534,792
524,792
524,792
524,792
524,792
524,792
524,792
524,792
524,792
524,792
524,792
524,792
524,792
524,792
524,792
524,792
532,792
530,792
534,792
530,792
530,792
534,792
532,792
528,792
532,792
531,792
526,792
541,792
507,792
527,792
530,792
526,792
526,792
527,792
521,792
527,792
527,792
528,792
529,792
527,792
531,792
528,792
528,792
524,792
526,792
524,792
525,792
532,792
531,792
532,792
527,792
530,792
594,484
531,792
527,792
594,508
527,792
529,792
527,792
526,792
527,792
528,792
538,792
527,792
527,792
527,792
530,792
521,792
527,792
540,792
584,792
521,792
528,792
528,792
528,792
542,792
551,792
592,792
528,792
516,792
528,792
515,792
520,792
528,792
528,792
528,792
528,792
528,792
528,792
528,792
524,792
524,792
524,792
524,792
524,792
524,792
524,792
524,792
524,792
524,792
524,792
524,792
524,792
524,792
524,792
524,792
521,792
526,792
528,792
525,792
532,792
530,792
524,792
528,792
526,792
527,792
526,792
531,792
528,792
529,792
526,792
529,792
526,792
527,792
526,792
525,792
525,792
528,792
527,792
529,792
524,792
528,792
528,792
527,792
531,792
526,792
528,792
523,792
522,792
526,792
528,792
528,792
524,792
524,792
526,792
526,792
526,792
527,792
525,792
530,792
532,792
528,792
530,792
529,792
528,792
528,792
526,792
531,792
529,792
528,792
541,792
532,792
523,792
520,792
514,792
519,792
516,792
513,792
511,792
511,792
514,792
516,792
535,792
525,792
524,792
529,792
535,792
520,792
529,792
528,792
515,792
515,792
514,792
517,792
530,792
531,792
531,792
514,792
512,792
520,792
523,792
525,792
520,792
520,792
526,792
528,792
521,792
521,792
528,792
528,792
528,792
594,471
528,792
528,792
528,792
528,792
528,792
440,792
528,792
528,792
528,792
594,396
594,442
594,396
528,792
528,792
594,470
594,702
594,396
528,792
520,792
523,792
524,792
522,792
528,792
528,792
528,792
528,792
528,792
528,792
528,792
526,792
528,792
523,792
514,792
528,792
543,792
522,792
572,792
552,792
541,792
567,792
594,774
533,792
520,792
536,792
559,792
541,792
544,792
535,792
533,792
553,792
547,792
537,792
538,792
541,792
551,792
541,792
541,792
526,792
544,792
594,764
577,792
545,792
541,792
516,792
551,792
548,792
545,792
543,792
529,792
552,792
479,792
541,792
566,792
541,792
573,792
566,792
544,792
539,792
554,792
531,792
539,792
524,792
522,792
523,792
523,792
547,792
507,792
544,792
544,792
550,792
544,792
528,792
528,792
528,792
528,792
528,792
528,792
528,792
528,792
528,792
528,792
528,792
528,792
528,792
528,792
528,792
528,792
528,792
528,792
528,792
528,792
528,792
528,792
528,792
528,792
526,792
528,792
528,792
528,792
528,792
528,792
528,792
528,792
528,792
528,792
528,792
528,792
528,792
525,792
525,792
529,792
530,792
529,792
527,792
531,792
527,792
519,792
528,792
527,792
532,792
528,792
527,792
528,792
513,792
513,792
522,792
524,792
525,792
520,792
520,792
523,792
521,792
517,792
524,792
516,792
594,768
518,792
518,792
528,792
528,792
528,792
518,792
518,792
527,792
529,792
534,792
532,792
529,792
534,792
522,792
528,792
529,792
527,792
532,792
556,792
525,792
526,792
546,792
547,792
518,792
528,792
528,792
528,792
528,792
528,792
528,792
528,792
528,792
528,792
528,792
528,792
528,792
528,792
528,792
528,792
528,792
528,792
528,792
528,792
528,792
528,792
528,792
528,792
528,792
528,792
528,792
528,792
528,792
528,792
528,792
528,792
528,792
528,792
528,792
528,792
528,792
528,792
528,792
528,792
532,792
528,792
528,792
528,792
528,792
594,789
594,582
594,572
528,792
528,792
594,751
528,792
528,792
528,792
528,792
528,792
528,792
528,792
528,792
528,792
528,792
528,792
528,792
528,792
528,792
528,792
528,792
528,792
528,792
528,792
528,792
528,792
528,792
528,792
528,792
528,792
528,792
528,792
528,792
528,792
528,792
528,792
528,792
528,792
528,792
528,792
528,792
528,792
528,792
528,792
528,792
528,792
528,792
528,792
528,792
528,792
528,792
528,792
528,792
528,792
528,792
528,792
528,792
528,792
528,792
528,792
528,792
528,792
528,792
528,792
528,792
528,792
528,792
528,792
528,792
528,792
528,792
528,792
528,792
528,792
528,792
528,792
528,792
528,792
528,792
528,792
528,792
528,792
528,792
528,792
528,792
528,792
528,792
549,792
534,792
528,792
528,792
534,792
528,792
528,792
528,792
528,792
533,792
534,792
532,792
528,792
562,792
543,792
529,792
594,637
594,538
564,792
511,792
514,792
593,792
515,792
528,792
528,792
528,792
528,792
528,792
528,792
528,792
528,792
528,792
528,792
528,792
528,792
528,792
528,792
528,792
528,792
528,792
528,792
528,792
528,792
528,792
528,792
528,792
528,792
528,792
528,792
528,792
528,792
528,792
528,792
528,792
528,792
528,792
528,792
528,792
578,792
528,792
528,792
545,792
528,792
528,792
528,792
528,792
528,792
528,792
528,792
528,792
528,792
528,792
528,792
528,792
528,792
528,792
528,792
528,792
528,792
528,792
528,792
528,792
528,792
528,792
528,792
528,792
546,792
531,792
550,792
528,792
528,792
528,792
528,792
528,792
528,792
528,792
528,792
528,792
528,792
528,792
528,792
528,792
528,792
528,792
528,792
528,792
528,792
528,792
528,792
528,792
528,792
528,792
528,792
528,792
528,792
528,792
518,792
594,752
534,792
532,792
560,792
537,792
513,792
594,391
528,792
528,792
594,390
520,792
522,792
520,792
528,792
522,792
521,792
522,792
518,792
518,792
518,792
518,792
518,792
518,792
518,792
518,792
516,792
519,792
518,792
519,792
529,792
519,792
526,792
572,792
546,792
528,792
528,792
528,792
528,792
528,792
528,792
528,792
528,792
528,792
528,792
528,792
528,792
528,792
528,792
528,792
528,792
524,792
524,792
534,792
534,792
534,792
534,792
534,792
532,792
532,792
528,792
532,792
534,792
528,792
528,792
528,792
528,792
528,792
528,792
528,792
528,792
522,792
525,792
529,792
527,792
525,792
525,792
504,792
498,792
534,792
528,792
528,792
528,792
528,792
528,792
523,792
525,792
529,792
560,792
518,792
529,792
518,792
594,710
594,711
594,394
522,792
512,792
511,792
516,792
511,792
524,792
518,792
529,792
527,792
518,792
515,792
518,792
515,792
516,792
504,792
517,792
511,792
508,792
504,792
492,792
594,682
521,792
494,792
549,792
506,792
547,792
541,792
594,715
542,792
594,787
536,792
545,792
549,792
533,792
540,792
530,792
530,792
535,792
533,792
533,792
541,792
528,792
527,792
572,792
542,792
573,792
541,792
511,792
547,792
541,792
541,792
539,792
541,792
541,792
541,792
534,792
551,792
542,792
541,792
543,792
541,792
541,792
541,792
519,792
516,792
521,792
517,792
524,792
526,792
523,792
594,747
528,792
528,792
528,792
528,792
528,792
528,792
528,792
520,792
528,792
528,792
528,792
528,792
529,792
520,792
521,792
518,792
522,792
520,792
528,792
522,792
518,792
518,792
524,792
518,792
518,792
527,792
521,792
504,792
518,792
594,776
518,792
518,792
516,792
517,792
504,792
516,792
511,792
541,792
517,792
524,792
594,739
580,792
528,792
538,792
540,792
541,792
546,792
544,792
499,792
594,756
567,792
526,792
569,792
541,792
541,792
553,792
516,792
536,792
541,792
536,792
528,792
528,792
528,792
528,792
528,792
528,792
528,792
528,792
528,792
528,792
528,792
528,792
528,792
528,792
528,792
528,792
528,792
528,792
528,792
528,792
528,792
528,792
528,792
528,792
528,792
532,792
540,792
538,792
542,792
528,792
528,792
532,792
528,792
528,792
593,792
528,792
528,792
528,792
528,792
528,792
528,792
528,792
528,792
528,792
528,792
528,792
528,792
528,792
533,792
528,792
528,792
528,792
528,792
528,792
528,792
528,792
533,792
528,792
528,792
528,792
528,792
528,792
528,792
528,792
528,792
528,792
528,792
528,792
528,792
528,792
528,792
533,792
534,792
528,792
528,792
528,792
528,792
528,792
528,792
528,792
528,792
528,792
528,792
528,792
528,792
528,792
528,792
528,792
528,792
528,792
528,792
528,792
528,792
528,792
528,792
528,792
528,792
528,792
528,792
528,792
528,792
528,792
528,792
528,792
528,792
528,792
528,792
528,792
528,792
528,792
528,792
528,792
528,792
528,792
528,792
528,792
528,792
528,792
528,792
528,792
528,792
528,792
528,792
528,792
594,396
528,792
528,792
528,792
528,792
528,792
528,792
528,792
594,402
525,792
528,792
528,792
527,792
520,792
528,792
521,792
514,792
497,792
553,792
516,792
504,792
528,792
504,792
490,792
536,792
535,792
493,792
577,792
455,792
504,792
557,792
528,792
528,792
528,792
528,792
528,792
528,792
528,792
528,792
528,792
528,792
528,792
528,792
531,792
528,792
528,792
528,792
528,792
528,792
528,792
528,792
528,792
528,792
528,792
528,792
528,792
528,792
528,792
528,792
528,792
528,792
528,792
528,792
528,792
528,792
528,792
528,792
528,792
528,792
528,792
528,792
446,792
528,792
528,792
528,792
528,792
528,792
528,792
528,792
528,792
528,792
525,792
528,792
528,792
528,792
528,792
528,792
528,792
528,792
528,792
528,792
528,792
528,792
528,792
528,792
528,792
528,792
528,792
528,792
528,792
528,792
528,792
528,792
528,792
528,792
528,792
528,792
528,792
528,792
522,792
519,792
528,792
528,792
515,792
523,792
527,792
529,792
522,792
525,792
528,792
528,792
528,792
528,792
528,792
528,792
528,792
528,792
528,792
528,792
528,792
528,792
528,792
528,792
528,792
528,792
528,792
528,792
528,792
528,792
528,792
528,792
528,792
528,792
528,792
528,792
528,792
528,792
528,792
528,792
528,792
528,792
528,792
528,792
528,792
528,792
528,792
528,792
528,792
528,792
528,792
528,792
528,792
528,792
528,792
528,792
536,792
528,792
528,792
528,792
528,792
528,792
528,792
528,792
528,792
528,792
528,792
528,792
528,792
528,792
528,792
528,792
528,792
528,792
528,792
528,792
528,792
528,792
528,792
528,792
528,792
528,792
536,792
530,792
528,792
528,792
528,792
528,792
533,792
528,792
528,792
528,792
528,792
528,792
528,792
528,792
528,792
528,792
528,792
528,792
528,792
561,792
528,792
528,792
528,792
528,792
594,396
533,792
525,792
532,792
524,792
528,792
528,792
528,792
525,792
528,792
528,792
525,792
521,792
509,792
511,792
520,792
528,792
565,792
514,792
526,792
517,792
520,792
518,792
531,792
513,792
514,792
513,792
522,792
521,792
514,792
526,792
528,792
528,792
528,792
528,792
528,792
528,792
528,792
528,792
468,792
518,792
518,792
500,792
460,792
512,792
518,792
518,792
518,792
495,792
517,792
509,792
516,792
515,792
520,792
594,755
499,792
516,792
555,792
524,792
501,792
526,792
531,792
508,792
522,792
519,792
532,792
510,792
541,792
545,792
549,792
562,792
528,792
528,792
528,792
528,792
528,792
528,792
528,792
528,792
528,792
528,792
528,792
528,792
528,792
528,792
528,792
528,792
528,792
528,792
528,792
528,792
528,792
528,792
528,792
528,792
528,792
528,792
528,792
528,792
528,792
528,792
530,792
529,792
523,792
532,792
526,792
528,792
527,792
526,792
537,792
533,792
538,792
532,792
528,792
529,792
529,792
534,792
523,792
527,792
531,792
533,792
532,792
532,792
531,792
528,792
534,792
526,792
531,792
522,792
531,792
530,792
524,792
526,792
528,792
513,792
524,792
525,792
531,792
525,792
529,792
531,792
528,792
531,792
526,792
529,792
532,792
526,792
534,792
528,792
536,792
529,792
527,792
533,792
530,792
529,792
532,792
528,792
531,792
533,792
531,792
533,792
535,792
528,792
533,792
531,792
530,792
531,792
524,792
532,792
534,792
534,792
532,792
533,792
532,792
532,792
533,792
535,792
531,792
524,792
528,792
538,792
531,792
531,792
541,792
532,792
531,792
547,792
531,792
534,792
529,792
535,792
531,792
529,792
529,792
531,792
533,792
534,792
531,792
531,792
528,792
539,792
522,792
515,792
519,792
519,792
519,792
524,792
522,792
594,781
594,785
526,792
528,792
548,792
468,792
522,792
535,792
528,792
528,792
528,792
528,792
528,792
528,792
528,792
528,792
528,792
528,792
528,792
528,792
528,792
528,792
528,792
528,792
528,792
528,792
528,792
528,792
528,792
528,792
528,792
528,792
528,792
528,792
528,792
528,792
528,792
528,792
528,792
528,792
528,792
528,792
528,792
534,792
529,792
524,792
520,792
525,792
521,792
523,792
520,792
522,792
523,792
522,792
522,792
522,792
523,792
523,792
528,792
528,792
528,792
521,792
520,792
529,792
525,792
528,792
528,792
528,792
528,792
528,792
528,792
528,792
528,792
528,792
528,792
528,792
528,792
528,792
528,792
528,792
528,792
528,792
510,792
533,792
528,792
528,792
528,792
528,792
528,792
528,792
528,792
528,792
528,792
528,792
528,792
528,792
528,792
528,792
528,792
528,792
528,792
528,792
530,792
528,792
528,792
528,792
528,792
534,792
534,792
534,792
534,792
534,792
534,792
534,792
534,792
534,792
534,792
534,792
534,792
534,792
528,792
529,792
528,792
594,656
560,792
528,792
528,792
528,792
528,792
528,792
528,792
528,792
528,792
528,792
528,792
528,792
528,792
528,792
528,792
528,792
528,792
594,396
528,792
528,792
528,792
528,792
528,792
528,792
528,792
528,792
528,792
528,792
536,792
528,792
528,792
528,792
528,792
528,792
528,792
528,792
528,792
528,792
528,792
528,792
594,396
594,396
528,792
528,792
528,792
528,792
594,687
528,792
528,792
526,792
522,792
520,792
521,792
520,792
518,792
518,792
518,792
518,792
518,792
529,792
522,792
518,792
530,792
518,792
518,792
518,792
518,792
518,792
518,792
519,792
518,792
518,792
518,792
518,792
518,792
528,792
528,792
528,792
528,792
528,792
528,792
528,792
528,792
528,792
528,792
528,792
528,792
528,792
528,792
528,792
528,792
528,792
528,792
528,792
528,792
528,792
528,792
528,792
528,792
528,792
528,792
528,792
528,792
528,792
532,792
528,792
518,792
563,777
546,792
528,792
528,792
528,792
528,792
528,792
528,792
528,792
528,792
528,792
528,792
528,792
528,792
528,792
528,792
528,792
528,792
528,792
528,792
528,792
528,792
528,792
528,792
528,792
528,792
528,792
528,792
528,792
528,792
528,792
528,792
528,792
528,792
528,792
528,792
528,792
528,792
528,792
528,792
528,792
528,792
528,792
528,792
528,792
528,792
528,792
528,792
528,792
528,792
528,792
528,792
528,792
528,792
528,792
528,792
528,792
528,792
528,792
528,792
528,792
528,792
528,792
528,792
533,792
528,792
531,792
528,792
528,792
528,792
528,792
528,792
528,792
528,792
528,792
528,792
528,792
528,792
528,792
528,792
528,792
528,792
528,792
528,792
528,792
528,792
528,792
528,792
528,792
528,792
528,792
528,792
528,792
528,792
528,792
528,792
528,792
528,792
521,792
528,792
533,792
536,792
528,792
528,792
523,792
522,792
522,792
528,792
522,792
524,792
528,792
518,792
504,792
518,792
518,792
518,792
518,792
522,792
518,792
518,792
518,792
518,792
518,792
527,792
513,792
520,792
514,792
513,792
529,792
518,792
518,792
518,792
518,792
518,792
518,792
518,792
508,792
518,792
518,792
523,792
527,792
517,792
528,792
528,792
528,792
528,792
528,792
528,792
528,792
528,792
528,792
528,792
528,792
528,792
528,792
528,792
528,792
528,792
528,792
528,792
528,792
528,792
528,792
528,792
528,792
528,792
528,792
528,792
569,792
555,792
528,792
528,792
528,792
528,792
528,792
528,792
528,792
528,792
528,792
528,792
528,792
528,792
528,792
528,792
528,792
528,792
528,792
528,792
528,792
528,792
528,792
528,792
528,792
528,792
528,792
528,792
528,792
528,792
528,792
539,792
528,792
528,792
566,792
528,792
528,792
528,792
528,792
470,792
528,792
528,792
528,792
594,396
594,403
528,792
530,792
532,792
576,792
528,792
528,792
528,792
528,792
528,792
528,792
528,792
528,792
528,792
528,792
528,792
528,792
528,792
528,792
528,792
528,792
528,792
528,792
528,792
528,792
528,792
594,614
528,792
530,792
535,792
538,792
534,792
532,792
529,792
532,792
527,792
533,792
531,792
527,792
524,792
524,792
594,742
594,542
594,707
594,742
589,792
594,742
594,742
594,742
594,744
594,742
530,792
528,792
533,792
529,792
530,792
527,792
534,792
525,792
526,792
524,792
530,792
526,792
528,792
527,792
528,792
528,792
594,754
572,792
577,792
594,733
594,456
527,792
594,734
574,792
526,792
594,776
544,792
549,792
526,792
554,792
543,792
538,792
548,792
531,792
528,792
547,792
529,792
541,792
531,792
557,792
594,763
528,792
528,792
528,792
528,792
535,792
538,792
538,792
531,792
526,792
527,792
530,792
528,792
523,792
531,792
528,792
528,792
524,792
528,792
528,792
528,792
528,792
528,792
528,792
528,792
528,792
518,792
594,772
496,792
518,792
518,792
546,792
518,792
543,792
588,792
589,792
594,742
594,742
594,742
594,742
594,742
594,742
594,742
594,742
594,742
594,742
523,792
528,792
527,792
530,792
524,792
530,792
528,792
528,792
528,792
525,792
530,792
524,792
528,792
527,792
526,792
529,792
528,792
526,792
530,792
523,792
528,792
528,792
528,792
594,686
531,792
527,792
525,792
525,792
526,792
532,792
521,792
524,792
527,792
527,792
528,792
528,792
547,792
528,792
578,792
528,792
523,792
528,792
528,792
528,792
523,792
528,792
528,792
528,792
528,792
528,792
528,792
528,792
522,792
529,792
518,792
518,792
518,792
518,792
518,792
523,792
518,792
518,792
518,792
518,792
518,792
518,792
521,792
524,792
528,792
531,792
526,792
537,792
527,792
522,792
525,792
512,792
513,792
528,792
528,792
528,792
528,792
528,792
528,792
528,792
528,792
528,792
528,792
528,792
528,792
528,792
525,792
534,792
534,792
534,792
513,792
520,792
523,792
522,792
526,792
524,792
528,792
528,792
528,792
528,792
528,792
528,792
589,636
594,699
515,590
594,790
512,768
512,768
512,768
512,768
512,768
512,768
512,768
512,768
512,768
512,768
528,792
528,792
528,792
528,792
528,792
594,396
594,396
528,792
528,792
528,792
528,792
528,792
528,792
528,792
528,792
528,792
528,792
528,792
528,792
528,792
528,792
528,792
528,792
528,792
528,792
528,792
528,792
528,792
528,792
528,792
528,792
528,792
528,792
528,792
528,792
528,792
528,792
528,792
528,792
528,792
512,768
512,768
512,768
512,768
512,768
512,768
512,768
512,768
512,768
512,768
512,768
512,768
512,768
512,768
512,768
512,768
512,768
512,768
512,768
512,768
512,768
512,768
512,768
512,768
512,768
512,768
512,768
512,768
512,768
512,768
512,768
512,768
512,768
512,768
512,768
512,768
512,768
512,768
512,768
512,768
512,768
512,768
512,768
512,768
512,768
512,768
512,768
512,768
512,768
512,768
512,768
512,768
512,768
512,768
512,768
512,768
512,768
512,768
512,768
512,768
512,768
512,768
512,768
512,768
512,768
512,768
512,768
512,768
512,768
512,768
512,768
512,768
512,768
512,768
512,768
512,768
512,768
512,768
512,768
512,768
512,768
512,768
512,768
512,768
512,768
512,768
512,768
512,768
512,768
512,768
512,768
512,768
512,768
512,768
512,768
512,768
512,768
512,768
512,768
528,792
512,768
512,768
512,768
512,768
512,768
512,768
512,768
512,768
512,768
512,768
512,768
512,768
512,768
512,768
512,768
512,768
512,768
512,768
512,768
512,768
512,768
512,768
512,768
512,768
512,768
512,768
512,768
512,768
512,768
512,768
512,768
512,768
512,768
512,768
512,768
512,768
512,768
512,768
512,768
512,768
512,768
512,768
512,768
512,768
512,768
512,768
512,768
512,768
512,768
512,768
512,768
512,768
512,768
512,768
512,768
512,768
512,768
512,768
512,768
512,768
512,768
512,768
512,768
512,768
512,768
512,768
512,768
512,768
512,768
512,768
512,768
512,768
512,768
512,768
512,768
512,768
512,768
512,768
512,768
512,768
512,768
512,768
512,768
512,768
512,768
512,768
512,768
512,768
512,768
512,768
512,768
512,768
512,768
512,768
512,768
512,768
512,768
512,768
512,768
512,768
512,768
512,768
512,768
512,768
512,768
512,768
512,768
512,768
512,768
512,768
512,768
512,768
512,768
512,768
512,768
512,768
512,768
512,768
512,768
512,768
512,768
512,768
512,768
512,768
512,768
512,768
512,768
512,768
512,768
512,768
512,768
512,768
512,768
512,768
512,768
512,768
512,768
512,768
512,768
512,768
512,768
512,768
512,768
512,768
512,768
512,768
512,768
512,768
512,768
512,768
512,768
512,768
512,768
512,768
528,792
528,792
528,792
528,792
526,792
514,792
504,792
568,792
509,792
557,792
507,792
517,792
518,792
539,792
520,792
567,792
541,792
545,792
551,792
534,792
541,792
541,792
538,792
542,792
553,792
544,792
547,792
541,792
541,792
546,792
579,792
534,792
542,792
533,792
544,792
475,792
529,792
554,792
528,792
594,729
528,792
528,792
528,792
527,792
529,792
535,792
538,792
522,792
534,792
522,792
514,792
514,792
518,792
518,792
518,792
518,792
526,792
523,792
526,792
523,792
524,792
518,792
518,792
524,792
523,792
518,792
518,792
518,792
518,792
518,792
520,792
529,792
524,792
518,792
518,792
518,792
518,792
518,792
518,792
518,792
518,792
518,792
518,792
518,792
513,792
508,792
518,792
511,792
529,792
518,792
501,792
518,792
505,792
502,792
503,792
524,792
528,792
530,792
532,792
521,792
544,792
534,792
541,792
548,792
548,792
554,792
561,792
543,792
567,792
544,792
528,792
528,792
527,792
534,792
532,792
529,792
530,792
529,792
532,792
530,792
524,792
524,792
524,792
524,792
524,792
528,792
528,792
527,792
540,792
524,792
527,792
526,792
526,792
526,792
527,792
533,792
524,792
536,792
528,792
528,792
528,792
525,792
594,762
591,792
594,441
524,792
539,792
520,792
531,792
526,792
593,792
519,792
547,792
528,792
528,792
524,792
528,792
528,792
569,792
552,792
525,792
514,792
531,792
527,792
594,422
528,792
528,792
572,792
530,792
528,792
528,792
528,792
528,792
528,792
528,792
528,792
528,792
528,792
528,792
528,792
537,792
520,792
513,792
526,792
518,792
552,792
522,792
594,690
577,792
546,792
518,792
578,792
537,792
518,792
591,792
518,792
518,792
524,792
594,787
518,792
531,792
581,792
504,792
521,792
507,792
505,792
513,792
576,792
518,792
518,792
509,792
511,792
526,792
524,792
530,792
527,792
529,792
527,792
528,792
529,792
527,792
530,792
530,792
526,792
528,792
526,792
527,792
526,792
529,792
524,792
526,792
526,792
531,792
532,792
527,792
530,792
531,792
528,792
530,792
527,792
534,792
525,792
522,792
531,792
518,792
513,792
522,792
518,792
522,792
520,792
514,792
519,792
517,792
521,792
519,792
517,792
519,792
521,792
522,792
519,792
514,792
522,792
529,792
524,792
528,792
530,792
525,792
526,792
525,792
524,792
525,792
524,792
525,792
527,792
527,792
521,792
520,792
519,792
540,792
528,792
528,792
528,792
522,792
528,792
528,792
523,792
528,792
528,792
523,792
520,792
528,792
528,792
528,792
528,792
528,792
528,792
528,792
528,792
528,792
528,792
528,792
528,792
523,792
513,792
535,792
520,792
519,792
514,792
514,792
514,792
521,792
521,792
530,792
525,792
518,792
594,396
594,399
594,453
594,396
528,792
512,768
512,768
512,768
512,768
525,792
521,792
527,792
518,792
528,792
514,792
520,792
528,792
528,792
521,792
528,792
528,792
528,792
528,792
528,792
525,792
515,792
525,792
508,792
532,792
522,792
518,792
517,792
511,792
493,792
514,792
528,792
528,792
528,792
528,792
528,792
528,792
528,792
534,792
528,792
528,792
528,792
528,792
528,792
528,792
528,792
528,792
528,792
528,792
594,396
528,792
528,792
528,792
528,792
528,792
528,792
528,792
528,792
528,792
528,792
528,792
528,792
553,792
528,792
528,792
528,792
528,792
528,792
528,792
528,792
528,792
528,792
528,792
528,792
528,792
528,792
528,792
528,792
528,792
528,792
518,792
522,792
523,792
524,792
525,792
512,792
514,792
526,792
594,790
570,792
591,792
594,789
585,792
528,792
528,792
528,792
528,792
523,792
528,792
518,792
511,792
518,792
508,792
517,792
513,792
456,792
498,792
509,792
508,792
514,792
521,792
529,792
518,792
517,792
469,792
527,792
523,792
524,792
518,792
518,792
480,792
518,792
518,792
518,792
518,792
500,792
518,792
443,792
518,792
594,404
528,792
528,792
528,792
528,792
528,792
528,792
528,792
528,792
528,792
528,792
528,792
528,792
528,792
528,792
528,792
528,792
528,792
527,792
528,792
528,792
584,792
528,792
528,792
528,792
528,792
528,792
528,792
528,792
534,792
534,792
534,792
528,792
528,792
528,792
528,792
528,792
528,792
528,792
528,792
526,792
530,792
569,792
556,792
524,792
531,792
530,792
532,792
532,792
524,792
524,792
528,792
528,792
528,792
528,792
528,792
524,792
531,792
520,792
541,792
556,792
522,792
522,792
594,726
539,792
528,792
514,792
543,792
550,792
526,792
528,792
528,792
528,792
528,792
519,792
529,792
537,792
554,792
537,792
553,792
542,792
575,792
594,782
517,792
586,792
562,792
594,765
505,792
535,792
503,792
513,792
568,792
512,792
577,792
592,792
571,792
573,792
576,792
493,792
544,792
501,792
510,792
594,792
541,792
526,792
530,792
566,792
526,792
521,792
529,792
538,792
559,792
527,792
551,792
542,792
438,792
467,792
537,792
536,792
541,792
594,791
528,792
528,792
528,792
528,792
528,792
528,792
528,792
528,792
528,792
528,792
528,792
528,792
528,792
528,792
528,792
528,792
528,792
541,792
528,792
528,792
528,792
528,792
528,792
526,792
530,792
518,792
523,792
521,792
520,792
518,792
517,792
521,792
524,792
522,792
521,792
526,792
526,792
525,792
518,792
516,792
517,792
527,792
524,792
520,792
523,792
537,792
532,792
516,792
518,792
519,792
521,792
511,792
528,792
526,792
527,792
566,792
524,792
520,792
521,792
514,792
516,792
526,792
529,792
524,792
528,792
528,792
528,792
524,792
524,792
524,792
524,792
528,792
528,792
528,792
528,792
528,792
518,792
518,792
518,792
518,792
518,792
518,792
518,792
518,792
518,792
518,792
518,792
518,792
524,792
528,792
518,792
518,792
518,792
518,792
518,792
518,792
518,792
505,792
533,792
533,792
537,792
529,792
541,792
541,792
541,792
541,792
526,792
528,792
528,792
528,792
528,792
528,792
528,792
528,792
528,792
528,792
528,792
528,792
528,792
528,792
528,792
528,792
528,792
536,792
528,792
526,792
526,792
524,792
528,792
527,792
529,792
525,792
581,792
528,792
